{
  "gizmos-infos": {
    "is2D": false,
    "is3DIcon": false,
    "iconSize": 2,
    "gridVisible": true,
    "gridColor": [
      150,
      150,
      150,
      255
    ],
    "isIconGizmo3D": false,
    "iconGizmoSize": 2,
    "isGridVisible": true
  },
  "float-window": {
    "position": {
      "cc": {
        "Camera": {
          "dock": false,
          "top": null,
          "bottom": 10,
          "left": null,
          "right": 10
        }
      }
    }
  },
  "camera": {
    "fov": 45,
    "far": 10000
  },
  "camera-infos": {
    "f46876e4-e81b-4931-b493-6d367be385e7": {
      "position": {
        "x": 5.891855696444768,
        "y": 8.349047746258424,
        "z": 5.39931243807581
      },
      "rotation": {
        "x": -0.2748948210074044,
        "y": 0.66550447126626,
        "z": 0.2902420528510531,
        "w": 0.630314355591501
      },
      "viewCenter": {
        "x": -1.848,
        "y": 0,
        "z": 5.82
      }
    },
    "3a892430-6a3e-4239-93ad-b24f5c4da708": {
      "position": {
        "x": 13.002915402232778,
        "y": 38.92902591593971,
        "z": -31.200888587426093
      },
      "rotation": {
        "x": -0.2930662875777812,
        "y": 0.7065927695264927,
        "z": 0.44219177129927706,
        "w": 0.4682998583486169
      },
      "viewCenter": {
        "x": -23.320508170342165,
        "y": -42.21303965316536,
        "z": -15.834441128229704
      }
    },
    "03326274-7d92-4067-a4ad-f31c66b6de93": {
      "position": {
        "x": 50,
        "y": 50,
        "z": 50
      },
      "rotation": {
        "x": 0.29794490658545913,
        "y": -0.27690538141261895,
        "z": -0.0907600193164155,
        "w": -0.9090186253747489
      },
      "viewCenter": {
        "x": 11.085899551238569,
        "y": -1.2634050734879096,
        "z": -7.946148159607638
      }
    }
  },
  "camera-uuids": [
    "3a892430-6a3e-4239-93ad-b24f5c4da708"
  ]
}
