{
  "__type__": "cc.Skeleton",
  "_name": "Skin-0",
  "_objFlags": 0,
  "_native": "",
  "_joints": [
    "Bip001/Bip001 Pelvis/Bip001 Spine/Bip001 Neck/Bip001 Head",
    "Bip001/Bip001 Pelvis/Bip001 Spine/Bip001 Neck",
    "Bip001/Bip001 Pelvis/Bip001 Spine/Bip001 Neck/Bip001 R Clavicle/Bip001 R UpperArm",
    "Bip001/Bip001 Pelvis/Bip001 Spine/Bip001 Neck/Bip001 R Clavicle/Bip001 R UpperArm/Bip001 R Forearm",
    "Bip001/Bip001 Pelvis/Bip001 Spine/Bip001 Neck/Bip001 R Clavicle",
    "Bip001/Bip001 Pelvis/Bip001 Spine/Bip001 Neck/Bip001 R Clavicle/Bip001 R UpperArm/Bip001 R Forearm/Bip001 R Hand",
    "Bip001/Bip001 Pelvis/Bip001 Spine",
    "Bip001/Bip001 Pelvis",
    "Bip001/Bip001 Pelvis/Bip001 Spine/Bip001 Neck/Bip001 L Clavicle",
    "Bip001",
    "Bip001/Bip001 Pelvis/Bip001 Spine/Bip001 R Thigh",
    "Bip001/Bip001 Pelvis/Bip001 Spine/Bip001 R Thigh/Bip001 R Calf",
    "Bip001/Bip001 Pelvis/Bip001 Spine/Bip001 L Thigh",
    "Bip001/Bip001 Pelvis/Bip001 Spine/Bip001 R Thigh/Bip001 R Calf/Bip001 R Foot",
    "Bip001/Bip001 Pelvis/Bip001 Spine/Bip001 Neck/Bip001 L Clavicle/Bip001 L UpperArm",
    "Bip001/Bip001 Pelvis/Bip001 Spine/Bip001 L Thigh/Bip001 L Calf",
    "Bip001/Bip001 Pelvis/Bip001 Spine/Bip001 L Thigh/Bip001 L Calf/Bip001 L Foot",
    "Bip001/Bip001 Pelvis/Bip001 Spine/Bip001 Neck/Bip001 L Clavicle/Bip001 L UpperArm/Bip001 L Forearm",
    "Bip001/Bip001 Pelvis/Bip001 Spine/Bip001 Neck/Bip001 L Clavicle/Bip001 L UpperArm/Bip001 L Forearm/Bip001 L Hand"
  ],
  "_bindposes": [
    {
      "__type__": "cc.Mat4",
      "m00": 40.773311614990234,
      "m01": -3.5671472549438477,
      "m02": -0.000003225803538953187,
      "m03": 0,
      "m04": -0.0000015965088095981628,
      "m05": -0.000055260978115256876,
      "m06": 40.929054260253906,
      "m07": 0,
      "m08": -3.5671470165252686,
      "m09": -40.773311614990234,
      "m10": -0.00005518984471564181,
      "m11": 0,
      "m12": -0.6105226278305054,
      "m13": 0.09200666099786758,
      "m14": 0.0011547099566087127,
      "m15": 1
    },
    {
      "__type__": "cc.Mat4",
      "m00": 39.28389358520508,
      "m01": -11.487508773803711,
      "m02": -0.00002519356712582521,
      "m03": 0,
      "m04": 0.000009850276910583489,
      "m05": -0.0000560775697522331,
      "m06": 40.929054260253906,
      "m07": 0,
      "m08": -11.487507820129395,
      "m09": -39.283897399902344,
      "m10": -0.00005105885065859184,
      "m11": 0,
      "m12": -0.5304368138313293,
      "m13": 0.20985469222068787,
      "m14": 0.0011550367344170809,
      "m15": 1
    },
    {
      "__type__": "cc.Mat4",
      "m00": -33.527713775634766,
      "m01": 0.7984123826026917,
      "m02": -23.46151351928711,
      "m03": 0,
      "m04": -23.465904235839844,
      "m05": 0.004513953346759081,
      "m06": 33.53414535522461,
      "m07": 0,
      "m08": 0.6567456126213074,
      "m09": 40.921268463134766,
      "m10": 0.4540570378303528,
      "m11": 0,
      "m12": 0.4036368429660797,
      "m13": -0.060776256024837494,
      "m14": 0.3883030116558075,
      "m15": 1
    },
    {
      "__type__": "cc.Mat4",
      "m00": -30.54576301574707,
      "m01": -13.845621109008789,
      "m02": -23.46151351928711,
      "m03": 0,
      "m04": -21.138063430786133,
      "m05": -10.189753532409668,
      "m06": 33.534141540527344,
      "m07": 0,
      "m08": -17.1850528717041,
      "m09": 37.14371871948242,
      "m10": 0.4540574550628662,
      "m11": 0,
      "m12": 0.23776395618915558,
      "m13": 0.047196608036756516,
      "m14": 0.3883030414581299,
      "m15": 1
    },
    {
      "__type__": "cc.Mat4",
      "m00": -7.791788101196289,
      "m01": -7.473835468292236,
      "m02": -39.47932815551758,
      "m03": 0,
      "m04": -40.15446853637695,
      "m05": -0.0000551200719201006,
      "m06": 7.925045967102051,
      "m07": 0,
      "m08": -1.4472033977508545,
      "m09": 40.24089050292969,
      "m10": -7.332381248474121,
      "m11": 0,
      "m12": 0.09361002594232559,
      "m13": 0.052098941057920456,
      "m14": 0.5605239272117615,
      "m15": 1
    },
    {
      "__type__": "cc.Mat4",
      "m00": -30.54576301574707,
      "m01": -23.472532272338867,
      "m02": 13.826934814453125,
      "m03": 0,
      "m04": -21.138063430786133,
      "m05": 33.52601623535156,
      "m06": 10.216451644897461,
      "m07": 0,
      "m08": -17.1850528717041,
      "m09": 0.4836333096027374,
      "m10": -37.143341064453125,
      "m11": 0,
      "m12": 0.10824877768754959,
      "m13": 0.3883405029773712,
      "m14": -0.046887386590242386,
      "m15": 1
    },
    {
      "__type__": "cc.Mat4",
      "m00": 40.246829986572266,
      "m01": 7.4417877197265625,
      "m02": 0.000027308735297992826,
      "m03": 0,
      "m04": -0.000017084332284866832,
      "m05": -0.000057799356000032276,
      "m06": 40.929054260253906,
      "m07": 0,
      "m08": 7.441787242889404,
      "m09": -40.24683380126953,
      "m10": -0.000053729625506093726,
      "m11": 0,
      "m12": -0.39677315950393677,
      "m13": -0.05164656788110733,
      "m14": 0.001154311583377421,
      "m15": 1
    },
    {
      "__type__": "cc.Mat4",
      "m00": 40.929054260253906,
      "m01": -1.381396802502266e-10,
      "m02": -0.00005009222149965353,
      "m03": 0,
      "m04": 0.000050092217861674726,
      "m05": 0.00011465941497590393,
      "m06": 40.929054260253906,
      "m07": 0,
      "m08": 2.1896004974431005e-12,
      "m09": -40.929054260253906,
      "m10": 0.00011465941497590393,
      "m11": 0,
      "m12": -0.3389433026313782,
      "m13": 0.021222136914730072,
      "m14": 0.001154895406216383,
      "m15": 1
    },
    {
      "__type__": "cc.Mat4",
      "m00": -6.987753391265869,
      "m01": -7.473835468292236,
      "m02": 39.62954330444336,
      "m03": 0,
      "m04": 40.307254791259766,
      "m05": -0.000056203971325885504,
      "m06": 7.107240676879883,
      "m07": 0,
      "m08": -1.2977608442306519,
      "m09": 40.24089050292969,
      "m10": 7.3603010177612305,
      "m11": 0,
      "m12": 0.08447194844484329,
      "m13": 0.05209893360733986,
      "m14": -0.5619097948074341,
      "m15": 1
    },
    {
      "__type__": "cc.Mat4",
      "m00": 1.0925005691775347e-11,
      "m01": 0.000006668190053460421,
      "m02": 40.929054260253906,
      "m03": 0,
      "m04": 0.0000578989893256221,
      "m05": 40.929054260253906,
      "m06": -0.00000666818959871307,
      "m07": 0,
      "m08": -40.929054260253906,
      "m09": 0.0000578989893256221,
      "m10": 1.492062333061095e-12,
      "m11": 0,
      "m12": 0.021222135052084923,
      "m13": 0.001154454774223268,
      "m14": -0.3389433026313782,
      "m15": 1
    },
    {
      "__type__": "cc.Mat4",
      "m00": -40.65774917602539,
      "m01": -3.4068264961242676,
      "m02": 3.244753837585449,
      "m03": 0,
      "m04": -3.2309887409210205,
      "m05": -0.29997023940086365,
      "m06": -40.80022430419922,
      "m07": 0,
      "m08": 3.4198837280273438,
      "m09": -40.785919189453125,
      "m10": 0.029042871668934822,
      "m11": 0,
      "m12": 0.33085495233535767,
      "m13": 0.048982858657836914,
      "m14": -0.07826019823551178,
      "m15": 1
    },
    {
      "__type__": "cc.Mat4",
      "m00": -40.64631271362305,
      "m01": -3.540724277496338,
      "m02": 3.2447540760040283,
      "m03": 0,
      "m04": -3.2299835681915283,
      "m05": -0.31061142683029175,
      "m06": -40.80022430419922,
      "m07": 0,
      "m08": 3.554203987121582,
      "m09": -40.77443313598633,
      "m10": 0.029043611139059067,
      "m11": 0,
      "m12": 0.1711803674697876,
      "m13": 0.04954695329070091,
      "m14": -0.07826020568609238,
      "m15": 1
    },
    {
      "__type__": "cc.Mat4",
      "m00": -40.53007888793945,
      "m01": -3.3871917724609375,
      "m02": -4.585556983947754,
      "m03": 0,
      "m04": 4.566173553466797,
      "m05": 0.4231974184513092,
      "m06": -40.67134475708008,
      "m07": 0,